[
  {
    "model": "products.shop",
    "pk": "09a2ccea-a813-42bb-a5c1-c93a3130c98a",
    "fields": {
      "name": "RTV EURO AGD",
      "tracking_url": "https://clk.tradedoubler.com/click?p=118512&a=3285554"
    }
  },
  {
    "model": "products.shop",
    "pk": "c2070737-3738-46d3-b417-8af144e192d3",
    "fields": {
      "name": "MediaExpert",
      "tracking_url": "https://clk.tradedoubler.com/click?p=237638&a=3285554"
    }
  },
  {
    "model": "products.shop",
    "pk": "dd5924d7-5e6d-42b6-885e-5b00b87ab1e8",
    "fields": {
      "name": "Media Markt",
      "tracking_url": "https://clk.tradedoubler.com/click?p=229227&a=3285554"
    }
  },
  {
    "model": "products.shop",
    "pk": "e7fc39db-512c-462e-b81f-3e40f0deecda",
    "fields": {
      "name": "Allegro.pl",
      "tracking_url": "https://clk.tradedoubler.com/click?p=288386&a=3285554"
    }
  },
  {
    "model": "products.productcategory",
    "pk": "86fe61a3-c6c4-4e35-a95b-369d02a96c38",
    "fields": {
      "name": "Konsola"
    }
  },
  {
    "model": "products.product",
    "pk": "0bbf6221-6c7e-4c4e-9ab0-5477fd176863",
    "fields": {
      "epi": "1ddeac11-c4c9-40f3-89ca-a0f1f15c033c",
      "name": "Xbox Series S",
      "base_name": "xbox",
      "search_name": "xbox series s",
      "category": "86fe61a3-c6c4-4e35-a95b-369d02a96c38"
    }
  },
  {
    "model": "products.product",
    "pk": "5901470e-fe37-4fa5-84d3-c8a2a99a2f2c",
    "fields": {
      "epi": "f0bcb523-8d58-4a4e-a250-480236c85faa",
      "name": "PlayStation 5 z napędem",
      "base_name": "playstation",
      "search_name": "playstation 5 naped",
      "category": "86fe61a3-c6c4-4e35-a95b-369d02a96c38"
    }
  },
  {
    "model": "products.product",
    "pk": "739a34fc-ad5e-4e46-ab73-9c9f8bd5eda8",
    "fields": {
      "epi": "498b10ec-3247-4512-a497-6146a22039db",
      "name": "Nintendo Switch",
      "base_name": "nintendo",
      "search_name": "nintendo switch",
      "category": "86fe61a3-c6c4-4e35-a95b-369d02a96c38"
    }
  },
  {
    "model": "products.product",
    "pk": "9d6c3570-201c-4638-9210-f9316afcb8df",
    "fields": {
      "epi": "b08ad2a1-49a4-41c3-a74b-721d0958b0d8",
      "name": "Nintendo Switch Lite",
      "base_name": "nintendo",
      "search_name": "nintendo switch lite",
      "category": "86fe61a3-c6c4-4e35-a95b-369d02a96c38"
    }
  },
  {
    "model": "products.product",
    "pk": "9ed67320-63e3-44ee-b282-72c3a8a865b4",
    "fields": {
      "epi": "00148967-3df8-4436-9744-8d691214280c",
      "name": "Playstation 5 Digital",
      "base_name": "playstation",
      "search_name": "playStation 5 digital",
      "category": "86fe61a3-c6c4-4e35-a95b-369d02a96c38"
    }
  },
  {
    "model": "products.product",
    "pk": "b7cfe9ac-8e54-4d38-9900-19471fee5795",
    "fields": {
      "epi": "8205d893-2d1e-4114-8f31-6174654eb31f",
      "name": "Asus ROG Ally",
      "base_name": "asus",
      "search_name": "asus rog ally",
      "category": "86fe61a3-c6c4-4e35-a95b-369d02a96c38"
    }
  },
  {
    "model": "products.product",
    "pk": "db1a9d20-40b7-42ad-9a39-c9ca0575453a",
    "fields": {
      "epi": "7ee8315e-78a8-4e09-94df-3fcd765ee952",
      "name": "Nintendo OLED",
      "base_name": "nintendo",
      "search_name": "nintendo oled",
      "category": "86fe61a3-c6c4-4e35-a95b-369d02a96c38"
    }
  },
  {
    "model": "products.product",
    "pk": "f643415f-4018-47c0-a894-d1241e87b92f",
    "fields": {
      "epi": "db1fea7d-5c4a-4d2e-9b6d-80717c9f37de",
      "name": "Xbox Series X",
      "base_name": "xbox",
      "search_name": "xbox series x",
      "category": "86fe61a3-c6c4-4e35-a95b-369d02a96c38"
    }
  },
  {
    "model": "products.offer",
    "pk": "04f19844-0648-4a20-91f6-2bed24b0e2b8",
    "fields": {
      "name": "Spongebob Squarepants: Battle for Bikini Bottom - Rehydrated Gra NINTENDO SWITCH",
      "price": "109.00",
      "currency": "zł",
      "url": "https://www.mediaexpert.pl/gaming/gry/gry/gra-nintendo-switch-spongebob-squarepants-battle-for-bikini-bottom-rehydrated",
      "pub_time": "2023-11-20T18:12:58.799Z",
      "shop": "c2070737-3738-46d3-b417-8af144e192d3",
      "product": "739a34fc-ad5e-4e46-ab73-9c9f8bd5eda8"
    }
  },
  {
    "model": "products.offer",
    "pk": "0fe0c07d-f419-471e-aa2d-63b9030ca27a",
    "fields": {
      "name": "Konsola NINTENDO Switch Oled Biała + Pokemon Legends: Arceus Gra NINTENDO SWITCH + Etui MAD DOG NSA500",
      "price": "2009.00",
      "currency": "zł",
      "url": "https://www.mediaexpert.pl/gaming/nintendo/konsole-nintendo-switch/konsola-nintendo-switch-oled-biala-pokemon-legends-arceus-gra-nintendo-switch-etui-mad-dog-nsa500",
      "pub_time": "2023-11-20T18:12:58.799Z",
      "shop": "c2070737-3738-46d3-b417-8af144e192d3",
      "product": "db1a9d20-40b7-42ad-9a39-c9ca0575453a"
    }
  },
  {
    "model": "products.offer",
    "pk": "2e11e7ae-7b1d-4841-9657-6c9d22c6f7b2",
    "fields": {
      "name": "Konsola MICROSOFT XBOX Series S Carbon Black",
      "price": "1699.00",
      "currency": "zł",
      "url": "https://www.mediaexpert.pl/gaming/xbox-series-s/konsole-xbox-series-s/konsola-microsoft-xbox-series-s-carbon",
      "pub_time": "2023-11-20T18:12:58.799Z",
      "shop": "c2070737-3738-46d3-b417-8af144e192d3",
      "product": "0bbf6221-6c7e-4c4e-9ab0-5477fd176863"
    }
  },
  {
    "model": "products.offer",
    "pk": "2e464063-a37d-4990-99f7-f59e13f45ae0",
    "fields": {
      "name": "Kontroler TURTLE BEACH VelocityOne Flightstick",
      "price": "548.00",
      "currency": "zł",
      "url": "https://www.mediaexpert.pl/gaming/kontrolery-pady/joystick-xbox-pc-turtle-beach-velocityone-flightstick",
      "pub_time": "2023-11-20T18:12:58.799Z",
      "shop": "c2070737-3738-46d3-b417-8af144e192d3",
      "product": "0bbf6221-6c7e-4c4e-9ab0-5477fd176863"
    }
  },
  {
    "model": "products.offer",
    "pk": "3db9d079-846a-4c28-bb6b-ffc630998850",
    "fields": {
      "name": "Konsola NINTENDO Switch Oled Mario Red Edition",
      "price": "1647.00",
      "currency": "zł",
      "url": "https://www.mediaexpert.pl/gaming/nintendo/konsole-nintendo-switch/konsola-nintendo-switch-oled-mario-red-edition",
      "pub_time": "2023-11-20T18:12:58.799Z",
      "shop": "c2070737-3738-46d3-b417-8af144e192d3",
      "product": "db1a9d20-40b7-42ad-9a39-c9ca0575453a"
    }
  },
  {
    "model": "products.offer",
    "pk": "437a8dd6-08b9-4f32-b5b9-0d0025e6d047",
    "fields": {
      "name": "Konsola NINTENDO Switch Lite Turkusowy + Gra Animal Crossing Edition",
      "price": "1019.00",
      "currency": "zł",
      "url": "https://www.mediaexpert.pl/gaming/nintendo/konsole-nintendo-switch/konsola-nintendo-switch-lite-turkusowy-gra-animal-crossing-edition",
      "pub_time": "2023-11-20T18:12:58.799Z",
      "shop": "c2070737-3738-46d3-b417-8af144e192d3",
      "product": "9d6c3570-201c-4638-9210-f9316afcb8df"
    }
  },
  {
    "model": "products.offer",
    "pk": "4413a288-8a75-4695-b159-c5eace8bd293",
    "fields": {
      "name": "Konsola MICROSOFT XBOX Series X z napędem Blu-ray 4K UHD + Lords of the Fallen",
      "price": "2199.00",
      "currency": "zł",
      "url": "https://www.mediaexpert.pl/gaming/xbox-series-x/konsole/konsola-microsoft-xbox-series-x-lords-of-the-fallen",
      "pub_time": "2023-11-20T18:12:58.799Z",
      "shop": "c2070737-3738-46d3-b417-8af144e192d3",
      "product": "f643415f-4018-47c0-a894-d1241e87b92f"
    }
  },
  {
    "model": "products.offer",
    "pk": "4f84afe7-5404-474a-811a-860104242db6",
    "fields": {
      "name": "Konsola ASUS ROG Ally RC71L-NH001W 7” FHD IPS, AMD Ryzen Z1 Extreme, Windows 11 Home",
      "price": "3299.00",
      "currency": "zł",
      "url": "https://www.mediaexpert.pl/gaming/konsole-przenosne/konsola-asus-rog-rc71l-nh001w",
      "pub_time": "2023-11-20T18:12:58.799Z",
      "shop": "c2070737-3738-46d3-b417-8af144e192d3",
      "product": "b7cfe9ac-8e54-4d38-9900-19471fee5795"
    }
  },
  {
    "model": "products.offer",
    "pk": "63382d4c-cd99-46f5-a11b-cb86b67d0a71",
    "fields": {
      "name": "Konsola MICROSOFT XBOX Series S",
      "price": "1199.00",
      "currency": "zł",
      "url": "https://www.mediaexpert.pl/gaming/xbox-series-s/konsole-xbox-series-s/konsola-xbox-series-s",
      "pub_time": "2023-11-20T18:12:58.799Z",
      "shop": "c2070737-3738-46d3-b417-8af144e192d3",
      "product": "0bbf6221-6c7e-4c4e-9ab0-5477fd176863"
    }
  },
  {
    "model": "products.offer",
    "pk": "7453e3c5-0469-439c-aa95-36a34e884c71",
    "fields": {
      "name": "Konsola MICROSOFT XBOX Series S + 3mies Game Pass Ultimate",
      "price": "1199.00",
      "currency": "zł",
      "url": "https://www.mediaexpert.pl/gaming/xbox-series-s/konsole-xbox-series-s/konsola-microsoft-xbox-series-s-pakiet-startowy",
      "pub_time": "2023-11-20T18:12:58.799Z",
      "shop": "c2070737-3738-46d3-b417-8af144e192d3",
      "product": "0bbf6221-6c7e-4c4e-9ab0-5477fd176863"
    }
  },
  {
    "model": "products.offer",
    "pk": "750630bf-c121-411c-8897-3d2f26217eb0",
    "fields": {
      "name": "Konsola SONY PlayStation 5 Digital + PS Plus Premium 24 miesiące",
      "price": "2799.00",
      "currency": "zł",
      "url": "https://www.mediaexpert.pl/gaming/playstation-5/konsole-ps5/konsola-sony-ps5-digital-ps-plus-premium-24m",
      "pub_time": "2023-11-20T17:47:05.600Z",
      "shop": "c2070737-3738-46d3-b417-8af144e192d3",
      "product": "9ed67320-63e3-44ee-b282-72c3a8a865b4"
    }
  },
  {
    "model": "products.offer",
    "pk": "7daefade-39e9-46b3-b426-6971923cb2b5",
    "fields": {
      "name": "Kontroler NINTENDO Switch Pro",
      "price": "269.00",
      "currency": "zł",
      "url": "https://www.mediaexpert.pl/gaming/kontrolery-pady/kontroler-nintendo-switch-pro",
      "pub_time": "2023-11-20T18:12:58.799Z",
      "shop": "c2070737-3738-46d3-b417-8af144e192d3",
      "product": "739a34fc-ad5e-4e46-ab73-9c9f8bd5eda8"
    }
  },
  {
    "model": "products.offer",
    "pk": "7f3834fc-bb77-485f-b89e-f589fd3b3934",
    "fields": {
      "name": "Konsola ASUS ROG Ally RC71L-NH019W 7” FHD IPS, AMD Ryzen Z1, Windows 11 Home",
      "price": "2399.00",
      "currency": "zł",
      "url": "https://www.mediaexpert.pl/gaming/konsole-przenosne/konsola-asus-rog-ally-rc71l-nh019w-7-fhd-ips-amd-ryzen-z1-windows-11-home",
      "pub_time": "2023-11-20T18:12:58.799Z",
      "shop": "c2070737-3738-46d3-b417-8af144e192d3",
      "product": "b7cfe9ac-8e54-4d38-9900-19471fee5795"
    }
  },
  {
    "model": "products.offer",
    "pk": "923866eb-fad2-4ef7-b94a-557129f2c0b9",
    "fields": {
      "name": "Kontroler NINTENDO Switch Joy-Con",
      "price": "369.00",
      "currency": "zł",
      "url": "https://www.mediaexpert.pl/gaming/kontrolery-pady/kontroler-nintendo-switch-joy-con",
      "pub_time": "2023-11-20T18:12:58.799Z",
      "shop": "c2070737-3738-46d3-b417-8af144e192d3",
      "product": "739a34fc-ad5e-4e46-ab73-9c9f8bd5eda8"
    }
  },
  {
    "model": "products.offer",
    "pk": "af3ce9bb-a3ac-4dc3-89b2-7f8c266905a7",
    "fields": {
      "name": "Konsola NINTENDO Switch Lite Różowy + Gra Animal Crossing Edition",
      "price": "1099.00",
      "currency": "zł",
      "url": "https://www.mediaexpert.pl/gaming/nintendo/konsole-nintendo-switch/konsola-nintendo-switch-lite-rozowy-gra-animal-crossing-edition",
      "pub_time": "2023-11-20T18:12:58.799Z",
      "shop": "c2070737-3738-46d3-b417-8af144e192d3",
      "product": "9d6c3570-201c-4638-9210-f9316afcb8df"
    }
  },
  {
    "model": "products.offer",
    "pk": "af588a2a-bf77-4450-82f7-2de32c8c44ac",
    "fields": {
      "name": "Szkło hybrydowe 3MK FlexibleGlass do Nintendo Switch Lite 2019",
      "price": "21.00",
      "currency": "zł",
      "url": "https://www.mediaexpert.pl/gaming/akcesoria-do-konsol/szkla-i-folie/szklo-hybrydowe-3mk-flexibleglass-do-nintendo-switch-lite-2019",
      "pub_time": "2023-11-20T18:12:58.799Z",
      "shop": "c2070737-3738-46d3-b417-8af144e192d3",
      "product": "9d6c3570-201c-4638-9210-f9316afcb8df"
    }
  },
  {
    "model": "products.offer",
    "pk": "b4c25612-1020-4bb2-81d1-91637fb1a1b0",
    "fields": {
      "name": "Konsola ASUS ROG Ally RC71L-NH001W 7” FHD IPS, AMD Ryzen Z1 Extreme, Windows 11 Home + EA SPORTS FC 24 Gra PC",
      "price": "3473.00",
      "currency": "zł",
      "url": "https://www.mediaexpert.pl/gaming/konsole-przenosne/konsola-asus-rog-ally-rc71l-nh001w-7-fhd-ips-amd-ryzen-z1-extreme-windows-11-home-ea-sports-fc-24-gra-pc",
      "pub_time": "2023-11-20T18:12:58.799Z",
      "shop": "c2070737-3738-46d3-b417-8af144e192d3",
      "product": "b7cfe9ac-8e54-4d38-9900-19471fee5795"
    }
  },
  {
    "model": "products.offer",
    "pk": "bac95755-773a-4557-afcb-7be5b8b99b01",
    "fields": {
      "name": "Konsola NINTENDO Switch Oled Biała",
      "price": "1699.00",
      "currency": "zł",
      "url": "https://www.mediaexpert.pl/gaming/nintendo/konsole-nintendo-switch/konsola-nintendo-switch-oled-biala",
      "pub_time": "2023-11-20T18:12:58.799Z",
      "shop": "c2070737-3738-46d3-b417-8af144e192d3",
      "product": "db1a9d20-40b7-42ad-9a39-c9ca0575453a"
    }
  },
  {
    "model": "products.offer",
    "pk": "c9cc0190-c20a-40ec-9d99-8b2c2ba9d412",
    "fields": {
      "name": "Osłona JYS RA006 do Asus Rog Ally Czarny",
      "price": "64.00",
      "currency": "zł",
      "url": "https://www.mediaexpert.pl/gaming/akcesoria-do-konsol/torby-i-etui/oslona-jys-ra006-do-asus-rog-ally-czarny",
      "pub_time": "2023-11-20T18:12:58.799Z",
      "shop": "c2070737-3738-46d3-b417-8af144e192d3",
      "product": "b7cfe9ac-8e54-4d38-9900-19471fee5795"
    }
  },
  {
    "model": "products.offer",
    "pk": "cd420a98-1aad-4659-8bad-f3ca8c77d7a3",
    "fields": {
      "name": "Konsola MICROSOFT XBOX Series X z napędem Blu-ray 4K UHD",
      "price": "2499.00",
      "currency": "zł",
      "url": "https://www.mediaexpert.pl/gaming/xbox-series-x/konsole/konsola-xbox-series-x",
      "pub_time": "2023-11-20T18:12:58.799Z",
      "shop": "c2070737-3738-46d3-b417-8af144e192d3",
      "product": "f643415f-4018-47c0-a894-d1241e87b92f"
    }
  },
  {
    "model": "products.offer",
    "pk": "d25513be-1f02-42a9-a295-b54ef9df0bc5",
    "fields": {
      "name": "Kontroler MICROSOFT XBOX Series X + Kabel",
      "price": "219.00",
      "currency": "zł",
      "url": "https://www.mediaexpert.pl/gaming/kontrolery-pady/kontroler-pc-xbox-series-ms-pad-przewodowy",
      "pub_time": "2023-11-20T18:12:58.799Z",
      "shop": "c2070737-3738-46d3-b417-8af144e192d3",
      "product": "f643415f-4018-47c0-a894-d1241e87b92f"
    }
  },
  {
    "model": "products.offer",
    "pk": "daad1d1d-e4b1-4253-97de-c2e74b5b256e",
    "fields": {
      "name": "Konsola SONY PlayStation 5 Digital",
      "price": "1898.00",
      "currency": "zł",
      "url": "https://www.mediaexpert.pl/gaming/playstation-5/konsole-ps5/konsola-sony-ps5-digital",
      "pub_time": "2023-11-20T18:12:58.799Z",
      "shop": "c2070737-3738-46d3-b417-8af144e192d3",
      "product": "9ed67320-63e3-44ee-b282-72c3a8a865b4"
    }
  },
  {
    "model": "products.offer",
    "pk": "daca3c2f-7253-4ee1-a4c1-3c014fbd6585",
    "fields": {
      "name": "Konsola SONY PlayStation 5 Digital + Kontroler SONY DualSense Czerwony",
      "price": "2147.00",
      "currency": "zł",
      "url": "https://www.mediaexpert.pl/gaming/playstation-5/konsole-ps5/konsola-sony-playstation-5-digital-kontroler-sony-dualsense-czerwony",
      "pub_time": "2023-11-20T17:47:05.600Z",
      "shop": "c2070737-3738-46d3-b417-8af144e192d3",
      "product": "9ed67320-63e3-44ee-b282-72c3a8a865b4"
    }
  },
  {
    "model": "products.offer",
    "pk": "ed626c32-d663-4352-9515-1edf849bf5ea",
    "fields": {
      "name": "Konsola SONY PlayStation 5 z napędem Blu-ray 4K UHD + PS Plus Premium 24 miesiące",
      "price": "3259.00",
      "currency": "zł",
      "url": "https://www.mediaexpert.pl/gaming/playstation-5/konsole-ps5/konsola-sony-ps5-ps-plus-premium-24m",
      "pub_time": "2023-11-20T17:47:05.600Z",
      "shop": "c2070737-3738-46d3-b417-8af144e192d3",
      "product": "5901470e-fe37-4fa5-84d3-c8a2a99a2f2c"
    }
  },
  {
    "model": "products.offer",
    "pk": "efe40aea-eacf-461e-a132-a9fb31c18601",
    "fields": {
      "name": "Kontroler NINTENDO Switch Joy-Con",
      "price": "319.00",
      "currency": "zł",
      "url": "https://www.mediaexpert.pl/gaming/kontrolery-pady/kontroler-nintendo-switch-joy-con-2",
      "pub_time": "2023-11-20T18:12:58.799Z",
      "shop": "c2070737-3738-46d3-b417-8af144e192d3",
      "product": "739a34fc-ad5e-4e46-ab73-9c9f8bd5eda8"
    }
  },
  {
    "model": "products.offer",
    "pk": "f21e852f-1aa2-4bb1-b4cd-41caf9cd6ffc",
    "fields": {
      "name": "Lords of the Fallen - Edycja Deluxe Gra XBOX SERIES X",
      "price": "229.00",
      "currency": "zł",
      "url": "https://www.mediaexpert.pl/gaming/gry/gry/gra-xbox-series-lords-of-the-fallen-edycja-deluxe-pl",
      "pub_time": "2023-11-20T18:12:58.799Z",
      "shop": "c2070737-3738-46d3-b417-8af144e192d3",
      "product": "f643415f-4018-47c0-a894-d1241e87b92f"
    }
  },
  {
    "model": "products.offer",
    "pk": "f8aedf1c-b565-4b85-86a2-85452d9a80a7",
    "fields": {
      "name": "Konsola SONY PlayStation 5 z napędem Blu-ray 4K UHD",
      "price": "2699.00",
      "currency": "zł",
      "url": "https://www.mediaexpert.pl/gaming/playstation-5/konsole-ps5/konsola-sony-ps5",
      "pub_time": "2023-11-20T17:47:05.600Z",
      "shop": "c2070737-3738-46d3-b417-8af144e192d3",
      "product": "5901470e-fe37-4fa5-84d3-c8a2a99a2f2c"
    }
  }
]